counter,region,service,endpoint,rps
26,us-west-1,frontend,frontend@POST@/reservation,199
27,us-west-1,reservation,reservation@POST@/reservation.Reservation/MakeReservation,183
27,us-west-1,user,user@POST@/user.User/CheckUser,367
27,us-west-1,frontend,frontend@POST@/reservation,458
28,us-west-1,reservation,reservation@POST@/reservation.Reservation/MakeReservation,528
28,us-west-1,user,user@POST@/user.User/CheckUser,982
28,us-west-1,frontend,frontend@POST@/reservation,0
29,us-west-1,reservation,reservation@POST@/reservation.Reservation/MakeReservation,0
29,us-west-1,user,user@POST@/user.User/CheckUser,0
29,us-west-1,frontend,frontend@POST@/reservation,0
30,us-west-1,reservation,reservation@POST@/reservation.Reservation/MakeReservation,0
30,us-west-1,user,user@POST@/user.User/CheckUser,0
30,us-west-1,frontend,frontend@POST@/reservation,0
31,us-west-1,reservation,reservation@POST@/reservation.Reservation/MakeReservation,0
31,us-west-1,user,user@POST@/user.User/CheckUser,0
31,us-west-1,frontend,frontend@POST@/reservation,0
32,us-west-1,reservation,reservation@POST@/reservation.Reservation/MakeReservation,0
32,us-west-1,user,user@POST@/user.User/CheckUser,0
32,us-west-1,frontend,frontend@POST@/reservation,0
33,us-west-1,reservation,reservation@POST@/reservation.Reservation/MakeReservation,0
33,us-west-1,user,user@POST@/user.User/CheckUser,0
33,us-west-1,frontend,frontend@POST@/reservation,0
34,us-west-1,reservation,reservation@POST@/reservation.Reservation/MakeReservation,0
34,us-west-1,user,user@POST@/user.User/CheckUser,0
34,us-west-1,frontend,frontend@POST@/reservation,0
35,us-west-1,reservation,reservation@POST@/reservation.Reservation/MakeReservation,0
35,us-west-1,user,user@POST@/user.User/CheckUser,0
35,us-west-1,frontend,frontend@POST@/reservation,0
36,us-west-1,reservation,reservation@POST@/reservation.Reservation/MakeReservation,0
36,us-west-1,user,user@POST@/user.User/CheckUser,0
36,us-west-1,frontend,frontend@POST@/reservation,0
37,us-west-1,reservation,reservation@POST@/reservation.Reservation/MakeReservation,0
37,us-west-1,user,user@POST@/user.User/CheckUser,0
37,us-west-1,frontend,frontend@POST@/reservation,0
38,us-west-1,reservation,reservation@POST@/reservation.Reservation/MakeReservation,0
38,us-west-1,user,user@POST@/user.User/CheckUser,0
38,us-west-1,frontend,frontend@POST@/reservation,0
39,us-west-1,reservation,reservation@POST@/reservation.Reservation/MakeReservation,0
39,us-west-1,user,user@POST@/user.User/CheckUser,0
39,us-west-1,frontend,frontend@POST@/reservation,0
40,us-west-1,reservation,reservation@POST@/reservation.Reservation/MakeReservation,0
40,us-west-1,user,user@POST@/user.User/CheckUser,0
40,us-west-1,frontend,frontend@POST@/reservation,0
41,us-west-1,reservation,reservation@POST@/reservation.Reservation/MakeReservation,0
41,us-west-1,user,user@POST@/user.User/CheckUser,0
41,us-west-1,frontend,frontend@POST@/reservation,0
42,us-west-1,reservation,reservation@POST@/reservation.Reservation/MakeReservation,0
42,us-west-1,user,user@POST@/user.User/CheckUser,0
42,us-west-1,frontend,frontend@POST@/reservation,0
43,us-west-1,reservation,reservation@POST@/reservation.Reservation/MakeReservation,0
43,us-west-1,user,user@POST@/user.User/CheckUser,0
43,us-west-1,frontend,frontend@POST@/reservation,0
44,us-west-1,reservation,reservation@POST@/reservation.Reservation/MakeReservation,0
44,us-west-1,user,user@POST@/user.User/CheckUser,0
44,us-west-1,frontend,frontend@POST@/reservation,0
45,us-west-1,reservation,reservation@POST@/reservation.Reservation/MakeReservation,0
45,us-west-1,user,user@POST@/user.User/CheckUser,0
45,us-west-1,frontend,frontend@POST@/reservation,0
46,us-west-1,reservation,reservation@POST@/reservation.Reservation/MakeReservation,0
46,us-west-1,user,user@POST@/user.User/CheckUser,0
46,us-west-1,frontend,frontend@POST@/reservation,0
47,us-west-1,reservation,reservation@POST@/reservation.Reservation/MakeReservation,0
47,us-west-1,user,user@POST@/user.User/CheckUser,0
47,us-west-1,frontend,frontend@POST@/reservation,0
48,us-west-1,reservation,reservation@POST@/reservation.Reservation/MakeReservation,0
48,us-west-1,user,user@POST@/user.User/CheckUser,0
48,us-west-1,frontend,frontend@POST@/reservation,0
49,us-west-1,reservation,reservation@POST@/reservation.Reservation/MakeReservation,0
49,us-west-1,user,user@POST@/user.User/CheckUser,0
49,us-west-1,frontend,frontend@POST@/reservation,0
50,us-west-1,reservation,reservation@POST@/reservation.Reservation/MakeReservation,0
50,us-west-1,user,user@POST@/user.User/CheckUser,0
50,us-west-1,frontend,frontend@POST@/reservation,0
51,us-west-1,reservation,reservation@POST@/reservation.Reservation/MakeReservation,0
51,us-west-1,user,user@POST@/user.User/CheckUser,0
51,us-west-1,frontend,frontend@POST@/reservation,0
52,us-west-1,reservation,reservation@POST@/reservation.Reservation/MakeReservation,0
52,us-west-1,user,user@POST@/user.User/CheckUser,0
52,us-west-1,frontend,frontend@POST@/reservation,0
53,us-west-1,reservation,reservation@POST@/reservation.Reservation/MakeReservation,0
53,us-west-1,user,user@POST@/user.User/CheckUser,0
53,us-west-1,frontend,frontend@POST@/reservation,0
54,us-west-1,reservation,reservation@POST@/reservation.Reservation/MakeReservation,0
54,us-west-1,user,user@POST@/user.User/CheckUser,0
54,us-west-1,frontend,frontend@POST@/reservation,0
55,us-west-1,reservation,reservation@POST@/reservation.Reservation/MakeReservation,0
55,us-west-1,user,user@POST@/user.User/CheckUser,0
55,us-west-1,frontend,frontend@POST@/reservation,0
56,us-west-1,reservation,reservation@POST@/reservation.Reservation/MakeReservation,0
56,us-west-1,user,user@POST@/user.User/CheckUser,0
56,us-west-1,frontend,frontend@POST@/reservation,0
57,us-west-1,reservation,reservation@POST@/reservation.Reservation/MakeReservation,0
57,us-west-1,user,user@POST@/user.User/CheckUser,0
57,us-west-1,frontend,frontend@POST@/reservation,0
58,us-west-1,reservation,reservation@POST@/reservation.Reservation/MakeReservation,0
58,us-west-1,user,user@POST@/user.User/CheckUser,0
58,us-west-1,frontend,frontend@POST@/reservation,0
59,us-west-1,reservation,reservation@POST@/reservation.Reservation/MakeReservation,0
59,us-west-1,user,user@POST@/user.User/CheckUser,0
59,us-west-1,frontend,frontend@POST@/reservation,0
60,us-west-1,reservation,reservation@POST@/reservation.Reservation/MakeReservation,0
60,us-west-1,user,user@POST@/user.User/CheckUser,0
60,us-west-1,frontend,frontend@POST@/reservation,0
61,us-west-1,reservation,reservation@POST@/reservation.Reservation/MakeReservation,0
61,us-west-1,user,user@POST@/user.User/CheckUser,0
61,us-west-1,frontend,frontend@POST@/reservation,0
62,us-west-1,reservation,reservation@POST@/reservation.Reservation/MakeReservation,0
62,us-west-1,user,user@POST@/user.User/CheckUser,0
62,us-west-1,frontend,frontend@POST@/reservation,0
63,us-west-1,reservation,reservation@POST@/reservation.Reservation/MakeReservation,0
63,us-west-1,user,user@POST@/user.User/CheckUser,0
63,us-west-1,frontend,frontend@POST@/reservation,0
64,us-west-1,reservation,reservation@POST@/reservation.Reservation/MakeReservation,0
64,us-west-1,user,user@POST@/user.User/CheckUser,0
64,us-west-1,frontend,frontend@POST@/reservation,0
65,us-west-1,reservation,reservation@POST@/reservation.Reservation/MakeReservation,0
65,us-west-1,user,user@POST@/user.User/CheckUser,0
65,us-west-1,frontend,frontend@POST@/reservation,0
66,us-west-1,reservation,reservation@POST@/reservation.Reservation/MakeReservation,0
66,us-west-1,user,user@POST@/user.User/CheckUser,0
66,us-west-1,frontend,frontend@POST@/reservation,0
67,us-west-1,reservation,reservation@POST@/reservation.Reservation/MakeReservation,0
67,us-west-1,user,user@POST@/user.User/CheckUser,0
67,us-west-1,frontend,frontend@POST@/reservation,0
68,us-west-1,reservation,reservation@POST@/reservation.Reservation/MakeReservation,0
68,us-west-1,user,user@POST@/user.User/CheckUser,0
68,us-west-1,frontend,frontend@POST@/reservation,0
69,us-west-1,reservation,reservation@POST@/reservation.Reservation/MakeReservation,0
69,us-west-1,user,user@POST@/user.User/CheckUser,0
69,us-west-1,frontend,frontend@POST@/reservation,0
70,us-west-1,reservation,reservation@POST@/reservation.Reservation/MakeReservation,0
70,us-west-1,user,user@POST@/user.User/CheckUser,0
70,us-west-1,frontend,frontend@POST@/reservation,0
71,us-west-1,reservation,reservation@POST@/reservation.Reservation/MakeReservation,0
71,us-west-1,user,user@POST@/user.User/CheckUser,0
71,us-west-1,frontend,frontend@POST@/reservation,0
72,us-west-1,reservation,reservation@POST@/reservation.Reservation/MakeReservation,0
72,us-west-1,user,user@POST@/user.User/CheckUser,0
72,us-west-1,frontend,frontend@POST@/reservation,0
73,us-west-1,reservation,reservation@POST@/reservation.Reservation/MakeReservation,0
73,us-west-1,user,user@POST@/user.User/CheckUser,0
73,us-west-1,frontend,frontend@POST@/reservation,0
74,us-west-1,reservation,reservation@POST@/reservation.Reservation/MakeReservation,0
74,us-west-1,user,user@POST@/user.User/CheckUser,0
74,us-west-1,frontend,frontend@POST@/reservation,0
75,us-west-1,reservation,reservation@POST@/reservation.Reservation/MakeReservation,0
75,us-west-1,user,user@POST@/user.User/CheckUser,0
75,us-west-1,frontend,frontend@POST@/reservation,0
76,us-west-1,reservation,reservation@POST@/reservation.Reservation/MakeReservation,0
76,us-west-1,user,user@POST@/user.User/CheckUser,0
76,us-west-1,frontend,frontend@POST@/reservation,0
77,us-west-1,reservation,reservation@POST@/reservation.Reservation/MakeReservation,0
77,us-west-1,user,user@POST@/user.User/CheckUser,0
77,us-west-1,frontend,frontend@POST@/reservation,0
78,us-west-1,reservation,reservation@POST@/reservation.Reservation/MakeReservation,0
78,us-west-1,user,user@POST@/user.User/CheckUser,0
78,us-west-1,frontend,frontend@POST@/reservation,0
79,us-west-1,reservation,reservation@POST@/reservation.Reservation/MakeReservation,0
79,us-west-1,user,user@POST@/user.User/CheckUser,0
79,us-west-1,frontend,frontend@POST@/reservation,0
80,us-west-1,reservation,reservation@POST@/reservation.Reservation/MakeReservation,0
80,us-west-1,user,user@POST@/user.User/CheckUser,0
80,us-west-1,frontend,frontend@POST@/reservation,0
81,us-west-1,reservation,reservation@POST@/reservation.Reservation/MakeReservation,0
81,us-west-1,user,user@POST@/user.User/CheckUser,0
81,us-west-1,frontend,frontend@POST@/reservation,0
82,us-west-1,reservation,reservation@POST@/reservation.Reservation/MakeReservation,0
82,us-west-1,user,user@POST@/user.User/CheckUser,0
82,us-west-1,frontend,frontend@POST@/reservation,0
83,us-west-1,reservation,reservation@POST@/reservation.Reservation/MakeReservation,0
83,us-west-1,user,user@POST@/user.User/CheckUser,0
83,us-west-1,frontend,frontend@POST@/reservation,0
84,us-west-1,reservation,reservation@POST@/reservation.Reservation/MakeReservation,0
84,us-west-1,user,user@POST@/user.User/CheckUser,0
84,us-west-1,frontend,frontend@POST@/reservation,0
85,us-west-1,reservation,reservation@POST@/reservation.Reservation/MakeReservation,0
85,us-west-1,user,user@POST@/user.User/CheckUser,0
85,us-west-1,frontend,frontend@POST@/reservation,0
86,us-west-1,reservation,reservation@POST@/reservation.Reservation/MakeReservation,0
86,us-west-1,user,user@POST@/user.User/CheckUser,0
86,us-west-1,frontend,frontend@POST@/reservation,0
87,us-west-1,reservation,reservation@POST@/reservation.Reservation/MakeReservation,0
87,us-west-1,user,user@POST@/user.User/CheckUser,0
87,us-west-1,frontend,frontend@POST@/reservation,0
88,us-west-1,reservation,reservation@POST@/reservation.Reservation/MakeReservation,0
88,us-west-1,user,user@POST@/user.User/CheckUser,0
88,us-west-1,frontend,frontend@POST@/reservation,0
89,us-west-1,reservation,reservation@POST@/reservation.Reservation/MakeReservation,0
89,us-west-1,user,user@POST@/user.User/CheckUser,0
89,us-west-1,frontend,frontend@POST@/reservation,0
90,us-west-1,reservation,reservation@POST@/reservation.Reservation/MakeReservation,0
90,us-west-1,user,user@POST@/user.User/CheckUser,0
90,us-west-1,frontend,frontend@POST@/reservation,0
91,us-west-1,reservation,reservation@POST@/reservation.Reservation/MakeReservation,0
91,us-west-1,user,user@POST@/user.User/CheckUser,0
91,us-west-1,frontend,frontend@POST@/reservation,0
92,us-west-1,reservation,reservation@POST@/reservation.Reservation/MakeReservation,0
92,us-west-1,user,user@POST@/user.User/CheckUser,0
92,us-west-1,frontend,frontend@POST@/reservation,0
93,us-west-1,reservation,reservation@POST@/reservation.Reservation/MakeReservation,0
93,us-west-1,user,user@POST@/user.User/CheckUser,0
93,us-west-1,frontend,frontend@POST@/reservation,0
94,us-west-1,reservation,reservation@POST@/reservation.Reservation/MakeReservation,0
94,us-west-1,user,user@POST@/user.User/CheckUser,0
94,us-west-1,frontend,frontend@POST@/reservation,0
95,us-west-1,reservation,reservation@POST@/reservation.Reservation/MakeReservation,0
95,us-west-1,user,user@POST@/user.User/CheckUser,0
95,us-west-1,frontend,frontend@POST@/reservation,0
96,us-west-1,reservation,reservation@POST@/reservation.Reservation/MakeReservation,0
96,us-west-1,user,user@POST@/user.User/CheckUser,0
96,us-west-1,frontend,frontend@POST@/reservation,0
97,us-west-1,reservation,reservation@POST@/reservation.Reservation/MakeReservation,0
97,us-west-1,user,user@POST@/user.User/CheckUser,0
97,us-west-1,frontend,frontend@POST@/reservation,0
98,us-west-1,reservation,reservation@POST@/reservation.Reservation/MakeReservation,0
98,us-west-1,user,user@POST@/user.User/CheckUser,0
98,us-west-1,frontend,frontend@POST@/reservation,0
99,us-west-1,reservation,reservation@POST@/reservation.Reservation/MakeReservation,0
99,us-west-1,user,user@POST@/user.User/CheckUser,0
99,us-west-1,frontend,frontend@POST@/reservation,0
100,us-west-1,reservation,reservation@POST@/reservation.Reservation/MakeReservation,0
100,us-west-1,user,user@POST@/user.User/CheckUser,0
100,us-west-1,frontend,frontend@POST@/reservation,0
101,us-west-1,reservation,reservation@POST@/reservation.Reservation/MakeReservation,0
101,us-west-1,user,user@POST@/user.User/CheckUser,0
101,us-west-1,frontend,frontend@POST@/reservation,0
102,us-west-1,reservation,reservation@POST@/reservation.Reservation/MakeReservation,0
102,us-west-1,user,user@POST@/user.User/CheckUser,0
102,us-west-1,frontend,frontend@POST@/reservation,0
103,us-west-1,reservation,reservation@POST@/reservation.Reservation/MakeReservation,0
103,us-west-1,user,user@POST@/user.User/CheckUser,0
103,us-west-1,frontend,frontend@POST@/reservation,0
104,us-west-1,reservation,reservation@POST@/reservation.Reservation/MakeReservation,0
104,us-west-1,user,user@POST@/user.User/CheckUser,0
104,us-west-1,frontend,frontend@POST@/reservation,0
105,us-west-1,reservation,reservation@POST@/reservation.Reservation/MakeReservation,0
105,us-west-1,user,user@POST@/user.User/CheckUser,0
105,us-west-1,frontend,frontend@POST@/reservation,0
106,us-west-1,reservation,reservation@POST@/reservation.Reservation/MakeReservation,0
106,us-west-1,user,user@POST@/user.User/CheckUser,0
106,us-west-1,frontend,frontend@POST@/reservation,0
107,us-west-1,reservation,reservation@POST@/reservation.Reservation/MakeReservation,0
107,us-west-1,user,user@POST@/user.User/CheckUser,0
107,us-west-1,frontend,frontend@POST@/reservation,0
108,us-west-1,reservation,reservation@POST@/reservation.Reservation/MakeReservation,0
108,us-west-1,user,user@POST@/user.User/CheckUser,0
108,us-west-1,frontend,frontend@POST@/reservation,0
109,us-west-1,reservation,reservation@POST@/reservation.Reservation/MakeReservation,0
109,us-west-1,user,user@POST@/user.User/CheckUser,0
109,us-west-1,frontend,frontend@POST@/reservation,0
110,us-west-1,reservation,reservation@POST@/reservation.Reservation/MakeReservation,0
110,us-west-1,user,user@POST@/user.User/CheckUser,0
110,us-west-1,frontend,frontend@POST@/reservation,0
111,us-west-1,reservation,reservation@POST@/reservation.Reservation/MakeReservation,0
111,us-west-1,user,user@POST@/user.User/CheckUser,0
111,us-west-1,frontend,frontend@POST@/reservation,0
112,us-west-1,reservation,reservation@POST@/reservation.Reservation/MakeReservation,0
112,us-west-1,user,user@POST@/user.User/CheckUser,0
112,us-west-1,frontend,frontend@POST@/reservation,0
113,us-west-1,reservation,reservation@POST@/reservation.Reservation/MakeReservation,0
113,us-west-1,user,user@POST@/user.User/CheckUser,0
113,us-west-1,frontend,frontend@POST@/reservation,0
114,us-west-1,reservation,reservation@POST@/reservation.Reservation/MakeReservation,0
114,us-west-1,user,user@POST@/user.User/CheckUser,0
114,us-west-1,frontend,frontend@POST@/reservation,0
115,us-west-1,reservation,reservation@POST@/reservation.Reservation/MakeReservation,0
115,us-west-1,user,user@POST@/user.User/CheckUser,0
115,us-west-1,frontend,frontend@POST@/reservation,0
116,us-west-1,reservation,reservation@POST@/reservation.Reservation/MakeReservation,0
116,us-west-1,user,user@POST@/user.User/CheckUser,0
116,us-west-1,frontend,frontend@POST@/reservation,0
117,us-west-1,reservation,reservation@POST@/reservation.Reservation/MakeReservation,0
117,us-west-1,user,user@POST@/user.User/CheckUser,0
117,us-west-1,frontend,frontend@POST@/reservation,0
118,us-west-1,reservation,reservation@POST@/reservation.Reservation/MakeReservation,0
118,us-west-1,user,user@POST@/user.User/CheckUser,0
118,us-west-1,frontend,frontend@POST@/reservation,0
119,us-west-1,reservation,reservation@POST@/reservation.Reservation/MakeReservation,0
119,us-west-1,user,user@POST@/user.User/CheckUser,0
119,us-west-1,frontend,frontend@POST@/reservation,0
120,us-west-1,reservation,reservation@POST@/reservation.Reservation/MakeReservation,0
120,us-west-1,user,user@POST@/user.User/CheckUser,0
120,us-west-1,frontend,frontend@POST@/reservation,0
121,us-west-1,reservation,reservation@POST@/reservation.Reservation/MakeReservation,0
121,us-west-1,user,user@POST@/user.User/CheckUser,0
121,us-west-1,frontend,frontend@POST@/reservation,0
122,us-west-1,reservation,reservation@POST@/reservation.Reservation/MakeReservation,0
122,us-west-1,user,user@POST@/user.User/CheckUser,0
122,us-west-1,frontend,frontend@POST@/reservation,0
123,us-west-1,reservation,reservation@POST@/reservation.Reservation/MakeReservation,0
123,us-west-1,user,user@POST@/user.User/CheckUser,0
123,us-west-1,frontend,frontend@POST@/reservation,0
124,us-west-1,reservation,reservation@POST@/reservation.Reservation/MakeReservation,0
124,us-west-1,user,user@POST@/user.User/CheckUser,0
124,us-west-1,frontend,frontend@POST@/reservation,0
125,us-west-1,reservation,reservation@POST@/reservation.Reservation/MakeReservation,0
125,us-west-1,user,user@POST@/user.User/CheckUser,0
125,us-west-1,frontend,frontend@POST@/reservation,0
126,us-west-1,reservation,reservation@POST@/reservation.Reservation/MakeReservation,0
126,us-west-1,user,user@POST@/user.User/CheckUser,0
126,us-west-1,frontend,frontend@POST@/reservation,0
127,us-west-1,reservation,reservation@POST@/reservation.Reservation/MakeReservation,0
127,us-west-1,user,user@POST@/user.User/CheckUser,0
127,us-west-1,frontend,frontend@POST@/reservation,0
128,us-west-1,reservation,reservation@POST@/reservation.Reservation/MakeReservation,0
128,us-west-1,user,user@POST@/user.User/CheckUser,0
128,us-west-1,frontend,frontend@POST@/reservation,0
129,us-west-1,reservation,reservation@POST@/reservation.Reservation/MakeReservation,0
129,us-west-1,user,user@POST@/user.User/CheckUser,0
129,us-west-1,frontend,frontend@POST@/reservation,0
130,us-west-1,reservation,reservation@POST@/reservation.Reservation/MakeReservation,0
130,us-west-1,user,user@POST@/user.User/CheckUser,0
130,us-west-1,frontend,frontend@POST@/reservation,0
131,us-west-1,reservation,reservation@POST@/reservation.Reservation/MakeReservation,0
131,us-west-1,user,user@POST@/user.User/CheckUser,0
131,us-west-1,frontend,frontend@POST@/reservation,0
132,us-west-1,reservation,reservation@POST@/reservation.Reservation/MakeReservation,0
132,us-west-1,user,user@POST@/user.User/CheckUser,0
132,us-west-1,frontend,frontend@POST@/reservation,0
133,us-west-1,reservation,reservation@POST@/reservation.Reservation/MakeReservation,0
133,us-west-1,user,user@POST@/user.User/CheckUser,0
133,us-west-1,frontend,frontend@POST@/reservation,0
134,us-west-1,reservation,reservation@POST@/reservation.Reservation/MakeReservation,0
134,us-west-1,user,user@POST@/user.User/CheckUser,0
134,us-west-1,frontend,frontend@POST@/reservation,0
135,us-west-1,reservation,reservation@POST@/reservation.Reservation/MakeReservation,0
135,us-west-1,user,user@POST@/user.User/CheckUser,0
135,us-west-1,frontend,frontend@POST@/reservation,0
136,us-west-1,reservation,reservation@POST@/reservation.Reservation/MakeReservation,0
136,us-west-1,user,user@POST@/user.User/CheckUser,0
136,us-west-1,frontend,frontend@POST@/reservation,0
137,us-west-1,reservation,reservation@POST@/reservation.Reservation/MakeReservation,0
137,us-west-1,user,user@POST@/user.User/CheckUser,0
137,us-west-1,frontend,frontend@POST@/reservation,0
138,us-west-1,reservation,reservation@POST@/reservation.Reservation/MakeReservation,0
138,us-west-1,user,user@POST@/user.User/CheckUser,0
138,us-west-1,frontend,frontend@POST@/reservation,0
139,us-west-1,reservation,reservation@POST@/reservation.Reservation/MakeReservation,0
139,us-west-1,user,user@POST@/user.User/CheckUser,0
139,us-west-1,frontend,frontend@POST@/reservation,0
140,us-west-1,reservation,reservation@POST@/reservation.Reservation/MakeReservation,0
140,us-west-1,user,user@POST@/user.User/CheckUser,0
140,us-west-1,frontend,frontend@POST@/reservation,0
141,us-west-1,reservation,reservation@POST@/reservation.Reservation/MakeReservation,0
141,us-west-1,user,user@POST@/user.User/CheckUser,0
141,us-west-1,frontend,frontend@POST@/reservation,0
142,us-west-1,reservation,reservation@POST@/reservation.Reservation/MakeReservation,0
142,us-west-1,user,user@POST@/user.User/CheckUser,0
142,us-west-1,frontend,frontend@POST@/reservation,0
143,us-west-1,reservation,reservation@POST@/reservation.Reservation/MakeReservation,0
143,us-west-1,user,user@POST@/user.User/CheckUser,0
143,us-west-1,frontend,frontend@POST@/reservation,0
144,us-west-1,reservation,reservation@POST@/reservation.Reservation/MakeReservation,0
144,us-west-1,user,user@POST@/user.User/CheckUser,0
144,us-west-1,frontend,frontend@POST@/reservation,0
145,us-west-1,reservation,reservation@POST@/reservation.Reservation/MakeReservation,0
145,us-west-1,user,user@POST@/user.User/CheckUser,0
145,us-west-1,frontend,frontend@POST@/reservation,0
146,us-west-1,reservation,reservation@POST@/reservation.Reservation/MakeReservation,0
146,us-west-1,user,user@POST@/user.User/CheckUser,0
146,us-west-1,frontend,frontend@POST@/reservation,0
147,us-west-1,reservation,reservation@POST@/reservation.Reservation/MakeReservation,0
147,us-west-1,user,user@POST@/user.User/CheckUser,0
147,us-west-1,frontend,frontend@POST@/reservation,0
148,us-west-1,reservation,reservation@POST@/reservation.Reservation/MakeReservation,0
148,us-west-1,user,user@POST@/user.User/CheckUser,0
148,us-west-1,frontend,frontend@POST@/reservation,0
149,us-west-1,reservation,reservation@POST@/reservation.Reservation/MakeReservation,0
149,us-west-1,user,user@POST@/user.User/CheckUser,0
149,us-west-1,frontend,frontend@POST@/reservation,0
150,us-west-1,reservation,reservation@POST@/reservation.Reservation/MakeReservation,0
150,us-west-1,user,user@POST@/user.User/CheckUser,0
150,us-west-1,frontend,frontend@POST@/reservation,0
151,us-west-1,reservation,reservation@POST@/reservation.Reservation/MakeReservation,0
151,us-west-1,user,user@POST@/user.User/CheckUser,0
151,us-west-1,frontend,frontend@POST@/reservation,0
152,us-west-1,reservation,reservation@POST@/reservation.Reservation/MakeReservation,0
152,us-west-1,user,user@POST@/user.User/CheckUser,0
152,us-west-1,frontend,frontend@POST@/reservation,0
153,us-west-1,reservation,reservation@POST@/reservation.Reservation/MakeReservation,0
153,us-west-1,user,user@POST@/user.User/CheckUser,0
153,us-west-1,frontend,frontend@POST@/reservation,0
154,us-west-1,reservation,reservation@POST@/reservation.Reservation/MakeReservation,0
154,us-west-1,user,user@POST@/user.User/CheckUser,0
154,us-west-1,frontend,frontend@POST@/reservation,0
155,us-west-1,reservation,reservation@POST@/reservation.Reservation/MakeReservation,0
155,us-west-1,user,user@POST@/user.User/CheckUser,0
155,us-west-1,frontend,frontend@POST@/reservation,0
156,us-west-1,reservation,reservation@POST@/reservation.Reservation/MakeReservation,0
156,us-west-1,user,user@POST@/user.User/CheckUser,0
156,us-west-1,frontend,frontend@POST@/reservation,0
157,us-west-1,reservation,reservation@POST@/reservation.Reservation/MakeReservation,0
157,us-west-1,user,user@POST@/user.User/CheckUser,0
157,us-west-1,frontend,frontend@POST@/reservation,0
158,us-west-1,reservation,reservation@POST@/reservation.Reservation/MakeReservation,0
158,us-west-1,user,user@POST@/user.User/CheckUser,0
158,us-west-1,frontend,frontend@POST@/reservation,0
159,us-west-1,reservation,reservation@POST@/reservation.Reservation/MakeReservation,0
159,us-west-1,user,user@POST@/user.User/CheckUser,0
159,us-west-1,frontend,frontend@POST@/reservation,0
160,us-west-1,reservation,reservation@POST@/reservation.Reservation/MakeReservation,0
160,us-west-1,user,user@POST@/user.User/CheckUser,0
160,us-west-1,frontend,frontend@POST@/reservation,0
161,us-west-1,reservation,reservation@POST@/reservation.Reservation/MakeReservation,0
161,us-west-1,user,user@POST@/user.User/CheckUser,0
161,us-west-1,frontend,frontend@POST@/reservation,0
162,us-west-1,reservation,reservation@POST@/reservation.Reservation/MakeReservation,0
162,us-west-1,user,user@POST@/user.User/CheckUser,0
162,us-west-1,frontend,frontend@POST@/reservation,0
163,us-west-1,reservation,reservation@POST@/reservation.Reservation/MakeReservation,0
163,us-west-1,user,user@POST@/user.User/CheckUser,0
163,us-west-1,frontend,frontend@POST@/reservation,0
164,us-west-1,reservation,reservation@POST@/reservation.Reservation/MakeReservation,0
164,us-west-1,user,user@POST@/user.User/CheckUser,0
164,us-west-1,frontend,frontend@POST@/reservation,0
165,us-west-1,reservation,reservation@POST@/reservation.Reservation/MakeReservation,0
165,us-west-1,user,user@POST@/user.User/CheckUser,0
165,us-west-1,frontend,frontend@POST@/reservation,0
166,us-west-1,reservation,reservation@POST@/reservation.Reservation/MakeReservation,0
166,us-west-1,user,user@POST@/user.User/CheckUser,0
166,us-west-1,frontend,frontend@POST@/reservation,0
167,us-west-1,reservation,reservation@POST@/reservation.Reservation/MakeReservation,0
167,us-west-1,user,user@POST@/user.User/CheckUser,0
167,us-west-1,frontend,frontend@POST@/reservation,0
168,us-west-1,reservation,reservation@POST@/reservation.Reservation/MakeReservation,0
168,us-west-1,user,user@POST@/user.User/CheckUser,0
168,us-west-1,frontend,frontend@POST@/reservation,0
169,us-west-1,reservation,reservation@POST@/reservation.Reservation/MakeReservation,0
169,us-west-1,user,user@POST@/user.User/CheckUser,0
169,us-west-1,frontend,frontend@POST@/reservation,0
170,us-west-1,reservation,reservation@POST@/reservation.Reservation/MakeReservation,0
170,us-west-1,user,user@POST@/user.User/CheckUser,0
170,us-west-1,frontend,frontend@POST@/reservation,0
171,us-west-1,reservation,reservation@POST@/reservation.Reservation/MakeReservation,0
171,us-west-1,user,user@POST@/user.User/CheckUser,0
171,us-west-1,frontend,frontend@POST@/reservation,0
172,us-west-1,reservation,reservation@POST@/reservation.Reservation/MakeReservation,0
172,us-west-1,user,user@POST@/user.User/CheckUser,0
172,us-west-1,frontend,frontend@POST@/reservation,0
173,us-west-1,reservation,reservation@POST@/reservation.Reservation/MakeReservation,0
173,us-west-1,user,user@POST@/user.User/CheckUser,0
173,us-west-1,frontend,frontend@POST@/reservation,0
174,us-west-1,reservation,reservation@POST@/reservation.Reservation/MakeReservation,0
174,us-west-1,user,user@POST@/user.User/CheckUser,0
174,us-west-1,frontend,frontend@POST@/reservation,0
175,us-west-1,reservation,reservation@POST@/reservation.Reservation/MakeReservation,0
175,us-west-1,user,user@POST@/user.User/CheckUser,0
175,us-west-1,frontend,frontend@POST@/reservation,0
176,us-west-1,reservation,reservation@POST@/reservation.Reservation/MakeReservation,0
176,us-west-1,user,user@POST@/user.User/CheckUser,0
176,us-west-1,frontend,frontend@POST@/reservation,0
177,us-west-1,reservation,reservation@POST@/reservation.Reservation/MakeReservation,0
177,us-west-1,user,user@POST@/user.User/CheckUser,0
177,us-west-1,frontend,frontend@POST@/reservation,0
178,us-west-1,reservation,reservation@POST@/reservation.Reservation/MakeReservation,0
178,us-west-1,user,user@POST@/user.User/CheckUser,0
178,us-west-1,frontend,frontend@POST@/reservation,0
179,us-west-1,reservation,reservation@POST@/reservation.Reservation/MakeReservation,0
179,us-west-1,user,user@POST@/user.User/CheckUser,0
179,us-west-1,frontend,frontend@POST@/reservation,0
180,us-west-1,reservation,reservation@POST@/reservation.Reservation/MakeReservation,0
180,us-west-1,user,user@POST@/user.User/CheckUser,0
180,us-west-1,frontend,frontend@POST@/reservation,0
181,us-west-1,reservation,reservation@POST@/reservation.Reservation/MakeReservation,0
181,us-west-1,user,user@POST@/user.User/CheckUser,0
181,us-west-1,frontend,frontend@POST@/reservation,0
182,us-west-1,reservation,reservation@POST@/reservation.Reservation/MakeReservation,0
182,us-west-1,user,user@POST@/user.User/CheckUser,0
182,us-west-1,frontend,frontend@POST@/reservation,0
183,us-west-1,reservation,reservation@POST@/reservation.Reservation/MakeReservation,0
183,us-west-1,user,user@POST@/user.User/CheckUser,0
183,us-west-1,frontend,frontend@POST@/reservation,0
184,us-west-1,reservation,reservation@POST@/reservation.Reservation/MakeReservation,0
184,us-west-1,user,user@POST@/user.User/CheckUser,0
184,us-west-1,frontend,frontend@POST@/reservation,0
185,us-west-1,reservation,reservation@POST@/reservation.Reservation/MakeReservation,0
185,us-west-1,user,user@POST@/user.User/CheckUser,0
185,us-west-1,frontend,frontend@POST@/reservation,0
186,us-west-1,reservation,reservation@POST@/reservation.Reservation/MakeReservation,0
186,us-west-1,user,user@POST@/user.User/CheckUser,0
186,us-west-1,frontend,frontend@POST@/reservation,0
187,us-west-1,reservation,reservation@POST@/reservation.Reservation/MakeReservation,0
187,us-west-1,user,user@POST@/user.User/CheckUser,0
187,us-west-1,frontend,frontend@POST@/reservation,0
188,us-west-1,reservation,reservation@POST@/reservation.Reservation/MakeReservation,0
188,us-west-1,user,user@POST@/user.User/CheckUser,0
188,us-west-1,frontend,frontend@POST@/reservation,0
189,us-west-1,reservation,reservation@POST@/reservation.Reservation/MakeReservation,0
189,us-west-1,user,user@POST@/user.User/CheckUser,0
189,us-west-1,frontend,frontend@POST@/reservation,0
190,us-west-1,reservation,reservation@POST@/reservation.Reservation/MakeReservation,0
190,us-west-1,user,user@POST@/user.User/CheckUser,0
190,us-west-1,frontend,frontend@POST@/reservation,0
191,us-west-1,reservation,reservation@POST@/reservation.Reservation/MakeReservation,0
191,us-west-1,user,user@POST@/user.User/CheckUser,0
191,us-west-1,frontend,frontend@POST@/reservation,0
192,us-west-1,reservation,reservation@POST@/reservation.Reservation/MakeReservation,0
192,us-west-1,user,user@POST@/user.User/CheckUser,0
192,us-west-1,frontend,frontend@POST@/reservation,0
193,us-west-1,reservation,reservation@POST@/reservation.Reservation/MakeReservation,0
193,us-west-1,user,user@POST@/user.User/CheckUser,0
193,us-west-1,frontend,frontend@POST@/reservation,0
194,us-west-1,reservation,reservation@POST@/reservation.Reservation/MakeReservation,0
194,us-west-1,user,user@POST@/user.User/CheckUser,0
194,us-west-1,frontend,frontend@POST@/reservation,0
195,us-west-1,reservation,reservation@POST@/reservation.Reservation/MakeReservation,0
195,us-west-1,user,user@POST@/user.User/CheckUser,0
195,us-west-1,frontend,frontend@POST@/reservation,0
196,us-west-1,reservation,reservation@POST@/reservation.Reservation/MakeReservation,0
196,us-west-1,user,user@POST@/user.User/CheckUser,0
196,us-west-1,frontend,frontend@POST@/reservation,0
197,us-west-1,reservation,reservation@POST@/reservation.Reservation/MakeReservation,0
197,us-west-1,user,user@POST@/user.User/CheckUser,0
197,us-west-1,frontend,frontend@POST@/reservation,0
198,us-west-1,reservation,reservation@POST@/reservation.Reservation/MakeReservation,0
198,us-west-1,user,user@POST@/user.User/CheckUser,0
198,us-west-1,frontend,frontend@POST@/reservation,0
199,us-west-1,reservation,reservation@POST@/reservation.Reservation/MakeReservation,0
199,us-west-1,user,user@POST@/user.User/CheckUser,0
199,us-west-1,frontend,frontend@POST@/reservation,0
200,us-west-1,reservation,reservation@POST@/reservation.Reservation/MakeReservation,0
200,us-west-1,user,user@POST@/user.User/CheckUser,0
200,us-west-1,frontend,frontend@POST@/reservation,0
201,us-west-1,reservation,reservation@POST@/reservation.Reservation/MakeReservation,0
201,us-west-1,user,user@POST@/user.User/CheckUser,0
201,us-west-1,frontend,frontend@POST@/reservation,0
202,us-west-1,reservation,reservation@POST@/reservation.Reservation/MakeReservation,0
202,us-west-1,user,user@POST@/user.User/CheckUser,0
202,us-west-1,frontend,frontend@POST@/reservation,0
203,us-west-1,reservation,reservation@POST@/reservation.Reservation/MakeReservation,0
203,us-west-1,user,user@POST@/user.User/CheckUser,0
203,us-west-1,frontend,frontend@POST@/reservation,0
204,us-west-1,reservation,reservation@POST@/reservation.Reservation/MakeReservation,0
204,us-west-1,user,user@POST@/user.User/CheckUser,0
204,us-west-1,frontend,frontend@POST@/reservation,0
205,us-west-1,reservation,reservation@POST@/reservation.Reservation/MakeReservation,0
205,us-west-1,user,user@POST@/user.User/CheckUser,0
205,us-west-1,frontend,frontend@POST@/reservation,0
206,us-west-1,reservation,reservation@POST@/reservation.Reservation/MakeReservation,0
206,us-west-1,user,user@POST@/user.User/CheckUser,0
206,us-west-1,frontend,frontend@POST@/reservation,0
207,us-west-1,reservation,reservation@POST@/reservation.Reservation/MakeReservation,0
207,us-west-1,user,user@POST@/user.User/CheckUser,0
207,us-west-1,frontend,frontend@POST@/reservation,0
208,us-west-1,reservation,reservation@POST@/reservation.Reservation/MakeReservation,0
208,us-west-1,user,user@POST@/user.User/CheckUser,38
208,us-west-1,frontend,frontend@POST@/reservation,0
209,us-west-1,reservation,reservation@POST@/reservation.Reservation/MakeReservation,399
209,us-west-1,user,user@POST@/user.User/CheckUser,325
209,us-west-1,slateingress,slateingress@POST@/reservation,457
209,us-west-1,frontend,frontend@POST@/reservation,189
210,us-west-1,reservation,reservation@POST@/reservation.Reservation/MakeReservation,604
210,us-west-1,user,user@POST@/user.User/CheckUser,599
210,us-west-1,slateingress,slateingress@POST@/reservation,598
210,us-west-1,frontend,frontend@POST@/reservation,622
211,us-west-1,reservation,reservation@POST@/reservation.Reservation/MakeReservation,589
211,us-west-1,user,user@POST@/user.User/CheckUser,599
211,us-west-1,slateingress,slateingress@POST@/reservation,607
211,us-west-1,frontend,frontend@POST@/reservation,623
212,us-west-1,reservation,reservation@POST@/reservation.Reservation/MakeReservation,612
212,us-west-1,user,user@POST@/user.User/CheckUser,589
212,us-west-1,slateingress,slateingress@POST@/reservation,635
212,us-west-1,frontend,frontend@POST@/reservation,602
213,us-west-1,reservation,reservation@POST@/reservation.Reservation/MakeReservation,612
213,us-west-1,user,user@POST@/user.User/CheckUser,613
213,us-west-1,slateingress,slateingress@POST@/reservation,609
213,us-west-1,frontend,frontend@POST@/reservation,597
214,us-west-1,reservation,reservation@POST@/reservation.Reservation/MakeReservation,612
214,us-west-1,user,user@POST@/user.User/CheckUser,628
214,us-west-1,slateingress,slateingress@POST@/reservation,609
214,us-west-1,frontend,frontend@POST@/reservation,597
215,us-west-1,reservation,reservation@POST@/reservation.Reservation/MakeReservation,564
215,us-west-1,user,user@POST@/user.User/CheckUser,606
215,us-west-1,slateingress,slateingress@POST@/reservation,590
215,us-west-1,frontend,frontend@POST@/reservation,577
216,us-west-1,reservation,reservation@POST@/reservation.Reservation/MakeReservation,564
216,us-west-1,user,user@POST@/user.User/CheckUser,606
216,us-west-1,slateingress,slateingress@POST@/reservation,636
216,us-west-1,frontend,frontend@POST@/reservation,586
217,us-west-1,reservation,reservation@POST@/reservation.Reservation/MakeReservation,579
217,us-west-1,user,user@POST@/user.User/CheckUser,610
217,us-west-1,slateingress,slateingress@POST@/reservation,636
217,us-west-1,frontend,frontend@POST@/reservation,607
218,us-west-1,reservation,reservation@POST@/reservation.Reservation/MakeReservation,616
218,us-west-1,user,user@POST@/user.User/CheckUser,635
218,us-west-1,slateingress,slateingress@POST@/reservation,633
218,us-west-1,frontend,frontend@POST@/reservation,613
219,us-west-1,reservation,reservation@POST@/reservation.Reservation/MakeReservation,608
219,us-west-1,user,user@POST@/user.User/CheckUser,608
219,us-west-1,slateingress,slateingress@POST@/reservation,319
219,us-west-1,frontend,frontend@POST@/reservation,614
220,us-west-1,reservation,reservation@POST@/reservation.Reservation/MakeReservation,599
220,us-west-1,user,user@POST@/user.User/CheckUser,606
220,us-west-1,slateingress,slateingress@POST@/reservation,634
220,us-west-1,frontend,frontend@POST@/reservation,614
221,us-west-1,reservation,reservation@POST@/reservation.Reservation/MakeReservation,571
221,us-west-1,user,user@POST@/user.User/CheckUser,588
221,us-west-1,slateingress,slateingress@POST@/reservation,581
221,us-west-1,frontend,frontend@POST@/reservation,606
222,us-west-1,reservation,reservation@POST@/reservation.Reservation/MakeReservation,571
222,us-west-1,user,user@POST@/user.User/CheckUser,612
222,us-west-1,slateingress,slateingress@POST@/reservation,584
222,us-west-1,frontend,frontend@POST@/reservation,575
223,us-west-1,reservation,reservation@POST@/reservation.Reservation/MakeReservation,577
223,us-west-1,user,user@POST@/user.User/CheckUser,588
223,us-west-1,slateingress,slateingress@POST@/reservation,584
223,us-west-1,frontend,frontend@POST@/reservation,579
224,us-west-1,reservation,reservation@POST@/reservation.Reservation/MakeReservation,577
224,us-west-1,user,user@POST@/user.User/CheckUser,560
224,us-west-1,slateingress,slateingress@POST@/reservation,566
224,us-west-1,frontend,frontend@POST@/reservation,565
225,us-west-1,reservation,reservation@POST@/reservation.Reservation/MakeReservation,585
225,us-west-1,user,user@POST@/user.User/CheckUser,568
225,us-west-1,slateingress,slateingress@POST@/reservation,587
225,us-west-1,frontend,frontend@POST@/reservation,565
226,us-west-1,reservation,reservation@POST@/reservation.Reservation/MakeReservation,588
226,us-west-1,user,user@POST@/user.User/CheckUser,568
226,us-west-1,slateingress,slateingress@POST@/reservation,618
226,us-west-1,frontend,frontend@POST@/reservation,604
227,us-west-1,reservation,reservation@POST@/reservation.Reservation/MakeReservation,621
227,us-west-1,user,user@POST@/user.User/CheckUser,634
227,us-west-1,slateingress,slateingress@POST@/reservation,618
227,us-west-1,frontend,frontend@POST@/reservation,607
228,us-west-1,reservation,reservation@POST@/reservation.Reservation/MakeReservation,588
228,us-west-1,user,user@POST@/user.User/CheckUser,596
228,us-west-1,slateingress,slateingress@POST@/reservation,630
228,us-west-1,frontend,frontend@POST@/reservation,589
229,us-west-1,reservation,reservation@POST@/reservation.Reservation/MakeReservation,578
229,us-west-1,user,user@POST@/user.User/CheckUser,596
229,us-west-1,slateingress,slateingress@POST@/reservation,630
229,us-west-1,frontend,frontend@POST@/reservation,589
230,us-west-1,reservation,reservation@POST@/reservation.Reservation/MakeReservation,571
230,us-west-1,user,user@POST@/user.User/CheckUser,596
230,us-west-1,slateingress,slateingress@POST@/reservation,592
230,us-west-1,frontend,frontend@POST@/reservation,579
231,us-west-1,reservation,reservation@POST@/reservation.Reservation/MakeReservation,572
231,us-west-1,user,user@POST@/user.User/CheckUser,595
231,us-west-1,slateingress,slateingress@POST@/reservation,588
231,us-west-1,frontend,frontend@POST@/reservation,596
232,us-west-1,reservation,reservation@POST@/reservation.Reservation/MakeReservation,572
232,us-west-1,user,user@POST@/user.User/CheckUser,595
232,us-west-1,slateingress,slateingress@POST@/reservation,575
232,us-west-1,frontend,frontend@POST@/reservation,577
233,us-west-1,reservation,reservation@POST@/reservation.Reservation/MakeReservation,572
233,us-west-1,user,user@POST@/user.User/CheckUser,595
233,us-west-1,slateingress,slateingress@POST@/reservation,540
233,us-west-1,frontend,frontend@POST@/reservation,585
234,us-west-1,reservation,reservation@POST@/reservation.Reservation/MakeReservation,572
234,us-west-1,user,user@POST@/user.User/CheckUser,595
234,us-west-1,slateingress,slateingress@POST@/reservation,540
234,us-west-1,frontend,frontend@POST@/reservation,585
235,us-west-1,reservation,reservation@POST@/reservation.Reservation/MakeReservation,433
235,us-west-1,user,user@POST@/user.User/CheckUser,595
235,us-west-1,slateingress,slateingress@POST@/reservation,540
235,us-west-1,frontend,frontend@POST@/reservation,585
236,us-west-1,reservation,reservation@POST@/reservation.Reservation/MakeReservation,433
236,us-west-1,user,user@POST@/user.User/CheckUser,420
236,us-west-1,slateingress,slateingress@POST@/reservation,540
236,us-west-1,frontend,frontend@POST@/reservation,283
237,us-west-1,reservation,reservation@POST@/reservation.Reservation/MakeReservation,433
237,us-west-1,user,user@POST@/user.User/CheckUser,380
237,us-west-1,slateingress,slateingress@POST@/reservation,389
237,us-west-1,frontend,frontend@POST@/reservation,283
238,us-west-1,reservation,reservation@POST@/reservation.Reservation/MakeReservation,168
238,us-west-1,user,user@POST@/user.User/CheckUser,173
238,us-west-1,slateingress,slateingress@POST@/reservation,256
238,us-west-1,frontend,frontend@POST@/reservation,214
239,us-west-1,reservation,reservation@POST@/reservation.Reservation/MakeReservation,114
239,us-west-1,user,user@POST@/user.User/CheckUser,111
239,us-west-1,slateingress,slateingress@POST@/reservation,153
239,us-west-1,frontend,frontend@POST@/reservation,150
240,us-west-1,reservation,reservation@POST@/reservation.Reservation/MakeReservation,106
240,us-west-1,user,user@POST@/user.User/CheckUser,110
240,us-west-1,slateingress,slateingress@POST@/reservation,141
240,us-west-1,frontend,frontend@POST@/reservation,131
241,us-west-1,reservation,reservation@POST@/reservation.Reservation/MakeReservation,95
241,us-west-1,user,user@POST@/user.User/CheckUser,96
241,us-west-1,slateingress,slateingress@POST@/reservation,141
241,us-west-1,frontend,frontend@POST@/reservation,109
242,us-west-1,reservation,reservation@POST@/reservation.Reservation/MakeReservation,88
242,us-west-1,user,user@POST@/user.User/CheckUser,80
242,us-west-1,slateingress,slateingress@POST@/reservation,115
242,us-west-1,frontend,frontend@POST@/reservation,109
243,us-west-1,reservation,reservation@POST@/reservation.Reservation/MakeReservation,84
243,us-west-1,user,user@POST@/user.User/CheckUser,83
243,us-west-1,slateingress,slateingress@POST@/reservation,110
243,us-west-1,frontend,frontend@POST@/reservation,105
244,us-west-1,reservation,reservation@POST@/reservation.Reservation/MakeReservation,81
244,us-west-1,user,user@POST@/user.User/CheckUser,83
244,us-west-1,slateingress,slateingress@POST@/reservation,104
244,us-west-1,frontend,frontend@POST@/reservation,94
245,us-west-1,reservation,reservation@POST@/reservation.Reservation/MakeReservation,50
245,us-west-1,user,user@POST@/user.User/CheckUser,66
245,us-west-1,slateingress,slateingress@POST@/reservation,71
245,us-west-1,frontend,frontend@POST@/reservation,59
246,us-west-1,reservation,reservation@POST@/reservation.Reservation/MakeReservation,37
246,us-west-1,user,user@POST@/user.User/CheckUser,38
246,us-west-1,slateingress,slateingress@POST@/reservation,70
246,us-west-1,frontend,frontend@POST@/reservation,45
247,us-west-1,reservation,reservation@POST@/reservation.Reservation/MakeReservation,37
247,us-west-1,user,user@POST@/user.User/CheckUser,40
247,us-west-1,slateingress,slateingress@POST@/reservation,50
247,us-west-1,frontend,frontend@POST@/reservation,45
248,us-west-1,reservation,reservation@POST@/reservation.Reservation/MakeReservation,37
248,us-west-1,user,user@POST@/user.User/CheckUser,40
248,us-west-1,slateingress,slateingress@POST@/reservation,49
248,us-west-1,frontend,frontend@POST@/reservation,45
249,us-west-1,reservation,reservation@POST@/reservation.Reservation/MakeReservation,37
249,us-west-1,user,user@POST@/user.User/CheckUser,32
249,us-west-1,slateingress,slateingress@POST@/reservation,49
249,us-west-1,frontend,frontend@POST@/reservation,39
250,us-west-1,reservation,reservation@POST@/reservation.Reservation/MakeReservation,17
250,us-west-1,user,user@POST@/user.User/CheckUser,32
250,us-west-1,slateingress,slateingress@POST@/reservation,34
250,us-west-1,frontend,frontend@POST@/reservation,16
251,us-west-1,reservation,reservation@POST@/reservation.Reservation/MakeReservation,15
251,us-west-1,user,user@POST@/user.User/CheckUser,13
251,us-west-1,slateingress,slateingress@POST@/reservation,25
251,us-west-1,frontend,frontend@POST@/reservation,47
252,us-west-1,reservation,reservation@POST@/reservation.Reservation/MakeReservation,8
252,us-west-1,user,user@POST@/user.User/CheckUser,24
252,us-west-1,slateingress,slateingress@POST@/reservation,21
252,us-west-1,frontend,frontend@POST@/reservation,5
253,us-west-1,reservation,reservation@POST@/reservation.Reservation/MakeReservation,8
253,us-west-1,user,user@POST@/user.User/CheckUser,24
253,us-west-1,slateingress,slateingress@POST@/reservation,8
253,us-west-1,frontend,frontend@POST@/reservation,5
254,us-west-1,reservation,reservation@POST@/reservation.Reservation/MakeReservation,2
254,us-west-1,user,user@POST@/user.User/CheckUser,2
254,us-west-1,slateingress,slateingress@POST@/reservation,4
254,us-west-1,frontend,frontend@POST@/reservation,2
255,us-west-1,reservation,reservation@POST@/reservation.Reservation/MakeReservation,2
255,us-west-1,user,user@POST@/user.User/CheckUser,2
255,us-west-1,slateingress,slateingress@POST@/reservation,3
255,us-west-1,frontend,frontend@POST@/reservation,2
256,us-west-1,reservation,reservation@POST@/reservation.Reservation/MakeReservation,1
256,us-west-1,user,user@POST@/user.User/CheckUser,2
256,us-west-1,slateingress,slateingress@POST@/reservation,3
256,us-west-1,frontend,frontend@POST@/reservation,2
257,us-west-1,reservation,reservation@POST@/reservation.Reservation/MakeReservation,0
257,us-west-1,user,user@POST@/user.User/CheckUser,2
257,us-west-1,slateingress,slateingress@POST@/reservation,2
257,us-west-1,frontend,frontend@POST@/reservation,0
258,us-west-1,reservation,reservation@POST@/reservation.Reservation/MakeReservation,1
258,us-west-1,user,user@POST@/user.User/CheckUser,0
258,us-west-1,slateingress,slateingress@POST@/reservation,0
258,us-west-1,frontend,frontend@POST@/reservation,1
259,us-west-1,reservation,reservation@POST@/reservation.Reservation/MakeReservation,1
259,us-west-1,user,user@POST@/user.User/CheckUser,2
259,us-west-1,slateingress,slateingress@POST@/reservation,2
259,us-west-1,frontend,frontend@POST@/reservation,1
260,us-west-1,reservation,reservation@POST@/reservation.Reservation/MakeReservation,4
260,us-west-1,user,user@POST@/user.User/CheckUser,2
260,us-west-1,slateingress,slateingress@POST@/reservation,7
260,us-west-1,frontend,frontend@POST@/reservation,1
261,us-west-1,reservation,reservation@POST@/reservation.Reservation/MakeReservation,4
261,us-west-1,user,user@POST@/user.User/CheckUser,6
261,us-west-1,slateingress,slateingress@POST@/reservation,7
261,us-west-1,frontend,frontend@POST@/reservation,6
262,us-west-1,reservation,reservation@POST@/reservation.Reservation/MakeReservation,6
262,us-west-1,user,user@POST@/user.User/CheckUser,4
262,us-west-1,slateingress,slateingress@POST@/reservation,5
262,us-west-1,frontend,frontend@POST@/reservation,6
263,us-west-1,reservation,reservation@POST@/reservation.Reservation/MakeReservation,1
263,us-west-1,user,user@POST@/user.User/CheckUser,0
263,us-west-1,slateingress,slateingress@POST@/reservation,0
263,us-west-1,frontend,frontend@POST@/reservation,0
